"gene","iM","Val"
"b1187","Fatty Acid",-3.43927588898536
"b2342","Fatty Acid",-2.58707879895099
"b2341","Fatty Acid",-2.43267275435353
