"gene","iM","Val"
"b1820","Crp-2",-2.6737918309353
"b1820","DhaR",-8
"b1818","Crp-2",-2.94654568943275
"b1818","DhaR",-8
"b1101","Crp-2",-0.742264688666463
"b1101","DhaR",-5
"b1817","Crp-2",-3.27943046458478
"b1817","DhaR",-5
"b1819","Crp-2",-2.78918649720639
"b1819","DhaR",-3
