"gene","iM","Val"
"b1820","Crp-2",-10
"b1820","DhaR",-3.32405456302605
"b1818","Crp-2",-8
"b1818","DhaR",-2.48345473302715
"b1101","Crp-2",-9
"b1101","DhaR",-4.09241348714054
"b1817","Crp-2",-8
"b1817","DhaR",-2.76938542275317
"b1819","Crp-2",-10
"b1819","DhaR",-2.24175522038266
