"gene","iM","Val"
"b2209","Lrp",-3.74651778081191
"b3673","Lrp",-2.7923823060729
"b2845","Lrp",-3.76122878712311
"b1798","Lrp",-4.10972006388686
