Parameter,Value
act_TF_conc_lo,9.036586309439054e-19
act_TF_conc_up,4.417528630155216e-06
act_Kd_lo,1.296690590377782e-09
act_Kd_up,17.087494213232763
inh_TF_conc_lo,9.036586309439054e-19
inh_TF_conc_up,4.417528630155216e-06
inh_Kd_lo,1.296690590377782e-09
inh_Kd_up,17.087494213232763
weight_act_obj1,8.192636589173368
weight_inh_obj1,8.192636589173368
weight_mRNA_match,8.04499536002073e-06
inh_metab_Total_lo,3.8e-07
inh_metab_Total_up,0.0408
act_metab_Total_lo,3.8e-07
act_metab_Total_up,0.0408
