gene_name,log10_mRNA_target,parameter_grid
b2818,-10.014441956350241,"[(-8. , -2.55964533, -0.9961127 ) (-8. , -0.77982267, -2.81663322)
 (-8. ,  1.        , -4.5971004 ) (-5.5, -2.55964533, -0.38110303)
 (-5.5, -0.77982267, -2.20162354) (-5.5,  1.        , -3.98209073)
 (-3. , -2.55964533,  2.        ) (-3. , -0.77982267,  0.17947949)
 (-3. ,  1.        , -1.6009877 )]"
