"gene","iM","Val"
"b3359","Arginine",-5.87224449979357
"b3959","Arginine",-6.08843515833083
"b0273","Arginine",-6.75967322609816
"b3958","Arginine",-6.42515383584175
"b3960","Arginine",-6.25311678897748
"b3172","Arginine",-6.39756236237002
"b4254","Arginine",-6.55219022954642
"b2818","Arginine",-6.5921655597047
"b3957","Arginine",-5.59890260137761
