"gene","iM","Val"
"b1819","DhaR",-5
"b1819","Crp-2",1.07169019315071
"b1818","DhaR",-5
"b1818","Crp-2",0.956390422961633
"b1101","DhaR",-3
"b1101","Crp-2",0.192795418735132
"b1817","DhaR",-8
"b1817","Crp-2",0.98290467380687
