"gene","iM","Val"
"b1819","DhaR",-4.54786425519395
"b1819","Crp-2",-3
"b1818","DhaR",-4.56220286476523
"b1818","Crp-2",-4
"b1101","DhaR",-5.36110258343022
"b1101","Crp-2",-4
"b1817","DhaR",-4.64275466229785
"b1817","Crp-2",-3
