"gene","iM","Val"
"b2788","Sugar Diacid",-3.46662831682904
"b3124","Sugar Diacid",-3.41641793972032
