"gene","iM","Val"
"b4032","Maltose",-4.65681936365884
"b3571","Maltose",-4.94897542849057
"b4033","Maltose",-5.12504442642262
