"gene","iM","Val"
"b3124","Sugar Diacid",-4.07825178971591
"b2788","Sugar Diacid",-4.25241609971568
