Parameter,Value
act_TF_conc_lo,8.293914690189412e-16
act_TF_conc_up,0.0040544741504576105
act_Kd_lo,5.940166816282836e-09
act_Kd_up,56221.67194139278
inh_TF_conc_lo,8.293914690189412e-16
inh_TF_conc_up,0.0040544741504576105
inh_Kd_lo,5.940166816282836e-09
inh_Kd_up,56221.67194139278
weight_act_obj1,8.192636589173368
weight_inh_obj1,8.192636589173368
weight_mRNA_match,1.0713434780893072e-05
inh_metab_Total_lo,3.8e-07
inh_metab_Total_up,0.0408
act_metab_Total_lo,3.8e-07
act_metab_Total_up,0.0408
