"gene","iM","Val"
"b3213","Nitrogen",-6.09517854945851
"b3212","Nitrogen",-6.20675316881378
