"gene","iM","Val"
"b3571","Maltose",-4.56406538388582
"b4032","Maltose",-4.52943906110416
"b4033","Maltose",-4.74648934567183
