"gene","iM","Val"
"b0588","Fur-1",-5
"b0588","Fur-2",-6.54940689167622
"b0589","Fur-1",-5
"b0589","Fur-2",-6.13503260090892
"b4511","Fur-1",-3
"b4511","Fur-2",-6.51897465738995
"b0585","Fur-1",-8
"b0585","Fur-2",-6.55960310304082
"b0590","Fur-1",-8
"b0590","Fur-2",-6.09733458118895
"b0592","Fur-1",-10
"b0592","Fur-2",-5.26467688737266
"b0591","Fur-1",-8
"b0591","Fur-2",-4.88304105440713
