"gene","iM","Val"
"b4354","Pyruvate-1",-3.71816673649258
"b0115","Pyruvate-1",-4.56483072607599
