"gene","iM","Val"
"b0775","Biotin",-6.40129079203649
"b0777","Biotin",-6.18234743147187
"b0774","Biotin",-6.72082697151709
"b0778","Biotin",-6.31114214922347
