"gene","iM","Val"
"b3359","Arginine",-5.87224449966063
"b3959","Arginine",-6.08843515833317
"b0273","Arginine",-6.75967322609114
"b3958","Arginine",-6.42515383586625
"b3960","Arginine",-6.2531167890241
"b3172","Arginine",-6.39756236240075
"b4254","Arginine",-6.55219022958106
"b2818","Arginine",-6.59216555971547
"b3957","Arginine",-5.59890260127778
