"gene","iM","Val"
"b2342","Fatty Acid",-4.21598381886469
"b1187","Fatty Acid",-3.34142820332279
"b2341","Fatty Acid",-3.90607732299138
