"gene","iM","Val"
"b1187","Fatty Acid",-3.43842257111991
"b2342","Fatty Acid",-2.58701843402601
"b2341","Fatty Acid",-2.43262306185903
