"gene","iM","Val"
"b4118","Crp-1",0.696327503135605
"b1620","Crp-1",0.960851392383506
"b1002","Crp-1",1.6140682509194
"b4357","Crp-1",0.564713942974671
