"gene","iM","Val"
"b1818","Crp-2",-8
"b1818","DhaR",-6.86921777508226
"b1101","Crp-2",-10
"b1101","DhaR",-7.31933811831515
"b1817","Crp-2",-8
"b1817","DhaR",-6.69904165566658
"b1819","Crp-2",-9
"b1819","DhaR",-7.03595358338803
