"gene","iM","Val"
"b0778","Biotin",-6.18968481592168
"b0777","Biotin",-6.06088999654678
"b0775","Biotin",-6.27983331798752
"b0774","Biotin",-6.59937207261001
