"gene","iM","Val"
"b0115","Pyruvate-1",-4.77384345539799
"b4354","Pyruvate-1",0.136946996199737
