"gene","iM","Val"
"b1187","Fatty Acid",-3.43820974667673
"b2342","Fatty Acid",-2.5870034872108
"b2341","Fatty Acid",-2.43261077399337
