"gene","iM","Val"
"b3673","Lrp",-1.90335085599891
"b1798","Lrp",-3.25940897512601
"b2845","Lrp",-2.18574869134542
"b2209","Lrp",-2.76147705443657
