"gene","iM","Val"
"b0777","Biotin",-4.85120909394834
"b0778","Biotin",-5.02136547268904
"b0774","Biotin",-5.47544791169831
"b0775","Biotin",-5.11347801743368
