"gene","iM","Val"
"b0166","Lysine/T2SS",-2.53419470809933
"b2156","Lysine/T2SS",-2.11790609350603
"b4024","Lysine/T2SS",1.6140682509194
