Parameter,Value
act_TF_conc_lo,2.0436238275928382e-15
act_TF_conc_up,0.00535990001494225
act_Kd_lo,6.435074849300059e-10
act_Kd_up,84.78758666981481
inh_TF_conc_lo,2.0436238275928382e-15
inh_TF_conc_up,0.00535990001494225
inh_Kd_lo,6.435074849300059e-10
inh_Kd_up,84.78758666981481
weight_act_obj1,8.192636589173368
weight_inh_obj1,8.192636589173368
weight_mRNA_match,5.313948140717163e-07
inh_metab_Total_lo,3.8e-07
inh_metab_Total_up,0.0408
act_metab_Total_lo,3.8e-07
act_metab_Total_up,0.0408
