"gene","iM","Val"
"b2342","Fatty Acid",-4.21795618566264
"b1187","Fatty Acid",-3.33505395262789
"b2341","Fatty Acid",-3.9049222205442
