"gene","iM","Val"
"b2342","Fatty Acid",-4.21285516438419
"b1187","Fatty Acid",-3.35140552617453
"b2341","Fatty Acid",-3.90742664426438
