"gene","Val"
"b2818",-5.45593195564972
"b3959",-5.45593195564972
"b3958",-5.45593195564972
"b3359",-5.45593195564972
"b3957",-5.45593195564972
"b0273",-5.45593195564972
"b3172",-5.45593195564972
"b3960",-5.45593195564972
"b4254",-5.45593195564972
