"gene","Val"
"b2818",-3.84316888093751
"b3959",-3.84316888093751
"b3958",-3.84316888093751
"b3359",-3.84316888093751
"b3957",-3.84316888093751
"b0273",-3.84316888093751
"b3172",-3.84316888093751
"b3960",-3.84316888093751
"b4254",-3.84316888093751
