"gene","Val"
"b2818",-4.63172089915568
"b3959",-5.1183166436811
"b3958",-4.5324710424775
"b3359",-4.78491883047999
"b3957",-3.94610662025146
"b0273",-4.62342940827753
"b3172",-4.27819275291445
"b3960",-4.33016124778469
"b4254",-4.79587562474364
