"gene","Val"
"b2818",-2.22884480079795
"b3959",1.07353394583266
"b3958",-2.35671377336227
"b3359",0.977844455349923
"b3957",-1.67059863792677
"b0273",-2.2165177374467
"b3172",-2.47933858776184
"b3960",-2.29085820773985
"b4254",-2.25730861912969
