"gene","Val"
"b2818",-5.12947869327467
"b3959",-5.61605086553255
"b3958",-5.03023228617498
"b3359",-5.28268272949347
"b3957",-4.44388795225073
"b0273",-5.12118561608475
"b3172",-4.77596327747975
"b3960",-4.82792947836837
"b4254",-5.29361948058998
