"gene","Val"
"b2818",-1.39322156039898
"b3959",1.11523115767694
"b3958",-1.29645936749387
"b3359",-1.54285797129313
"b3957",-0.553687122864565
"b0273",-1.38679404983735
"b3172",-1.02080522214119
"b3960",-1.10132066057657
"b4254",-1.56165172593413
