"gene","Val"
"b2818",-4.57087932506284
"b3959",-5.05745149778479
"b3958",-4.47163291777881
"b3359",-4.72408336160527
"b3957",-3.88528857465866
"b0273",-4.56258624780096
"b3172",-4.21736390753903
"b3960",-4.26933010902853
"b4254",-4.73502011257328
