"gene","Val"
"b2818",-1.3933785858255
"b3959",1.11538544536145
"b3958",-1.29661813192949
"b3359",-1.54301346748782
"b3957",-0.554112186569956
"b0273",-1.38695116785766
"b3172",-1.02097695824063
"b3960",-1.10148666089835
"b4254",-1.56180709684268
