"gene","Val"
"b2818",-4.94517205046358
"b3959",-5.04655767321544
"b3958",-5.07270638325662
"b3359",-4.93618940787051
"b3957",-4.38253529985256
"b0273",-4.93351933258262
"b3172",-5.19657224949006
"b3960",-4.9963872334163
"b4254",-4.96936613236963
