"gene","Val"
"b2818",-5.09019781720355
"b3959",-5.59477136278337
"b3958",-5.00098223549038
"b3359",-5.22998609825165
"b3957",-4.41973630743373
"b0273",-5.08682696949116
"b3172",-4.73435720154473
"b3960",-4.82922328613805
"b4254",-5.25804854640917
