"gene","Val"
"b2818",-4.50233298594282
"b3959",-4.59176180962949
"b3958",-4.44229530517437
"b3359",-4.24683073510105
"b3957",-4
"b0273",-4.50150998144673
"b3172",-4.20509662799303
"b3960",-4.25759858072127
"b4254",-4.70626955153391
