"gene","iM","Val"
"b0591","Fur-1",-5
"b0591","Fur-2",-4.49370577330878
"b0588","Fur-1",-5
"b0588","Fur-2",-6.15410724716976
"b0589","Fur-1",-3
"b0589","Fur-2",-5.74062465405311
"b4511","Fur-1",-8
"b4511","Fur-2",-5.97404775648541
"b0592","Fur-1",-8
"b0592","Fur-2",-4.7786524805797
"b0590","Fur-1",-10
"b0590","Fur-2",-5.69243552224097
"b0585","Fur-1",-8
"b0585","Fur-2",-6.23796328788265
