"gene","iM","Val"
"b4354","Pyruvate-1",1.6140682509194
"b0115","Pyruvate-1",0.635001414314898
