"gene","iM","Val"
"b1818","Crp-2",-2.63671685408402
"b1818","DhaR",-8
"b1101","Crp-2",-3.79329292843054
"b1101","DhaR",-8
"b1817","Crp-2",-2.74084261464847
"b1817","DhaR",-5
"b1819","Crp-2",-2.63089330656982
"b1819","DhaR",-5
