"gene","iM","Val"
"b1818","Crp-2",-8
"b1818","DhaR",-7.26145183400857
"b1101","Crp-2",-10
"b1101","DhaR",-7.71156042917304
"b1817","Crp-2",-8
"b1817","DhaR",-7.08773021922882
"b1819","Crp-2",-9
"b1819","DhaR",-7.43160154118394
