Parameter,Value
act_TF_conc_lo,8.757053161482582e-26
act_TF_conc_up,4.280879054542209e-13
act_Kd_lo,3.185787999110069e-09
act_Kd_up,48.3892539752834
inh_TF_conc_lo,8.757053161482582e-26
inh_TF_conc_up,4.280879054542209e-13
inh_Kd_lo,3.185787999110069e-09
inh_Kd_up,48.3892539752834
weight_act_obj1,8.192636589173368
weight_inh_obj1,8.192636589173368
weight_mRNA_match,4.666637547684719e-09
inh_metab_Total_lo,3.8e-07
inh_metab_Total_up,0.0408
act_metab_Total_lo,3.8e-07
act_metab_Total_up,0.0408
