"gene","iM","Val"
"b1818","Crp-2",-2.63191347243786
"b1818","DhaR",-8
"b1101","Crp-2",-3.79465682770831
"b1101","DhaR",-8
"b1817","Crp-2",-2.73657750429913
"b1817","DhaR",-5
"b1819","Crp-2",-2.62517783388148
"b1819","DhaR",-5
