"gene","iM","Val"
"b1818","Crp-2",-8
"b1818","DhaR",-7.54822409463308
"b1101","Crp-2",-10
"b1101","DhaR",-7.99736120803858
"b1817","Crp-2",-8
"b1817","DhaR",-7.3744434676144
"b1819","Crp-2",-9
"b1819","DhaR",-7.71766029508114
