"gene","iM","Val"
"b3213","Nitrogen",-6.02744652686446
"b3212","Nitrogen",-5.98839872084578
