Parameter,Value
act_TF_conc_lo,5.805740283132588e-16
act_TF_conc_up,0.0001126242819571
act_Kd_lo,1.551911010516865e-07
act_Kd_up,6.744974145644254
inh_TF_conc_lo,5.805740283132588e-16
inh_TF_conc_up,0.0001126242819571
inh_Kd_lo,1.551911010516865e-07
inh_Kd_up,6.744974145644254
weight_act_obj1,8.192636589173368
weight_inh_obj1,8.192636589173368
weight_mRNA_match,2.2492789114511023e-08
inh_metab_Total_lo,3.8e-14
inh_metab_Total_up,408000.0
act_metab_Total_lo,3.8e-14
act_metab_Total_up,408000.0
