"gene","iM","Val"
"b0198","Methionine",-5.01812726133622
"b3008","Methionine",-5.1335710904634
"b0199","Methionine",-5.29076271557862
