"gene","iM","Val"
"b1818","Crp-2",-2.62141625159737
"b1818","DhaR",-8
"b1101","Crp-2",-3.79082363824563
"b1101","DhaR",-8
"b1817","Crp-2",-2.72839376382404
"b1817","DhaR",-5
"b1819","Crp-2",-2.60183583462141
"b1819","DhaR",-5
