"gene","iM","Val"
"b1818","Crp-2",-8
"b1818","DhaR",-5.07445345756545
"b1101","Crp-2",-10
"b1101","DhaR",-5.52260559081926
"b1817","Crp-2",-8
"b1817","DhaR",-4.90144881244327
"b1819","Crp-2",-9
"b1819","DhaR",-5.24025451240216
