"gene","iM","Val"
"b4032","Maltose",-4.62714386399927
"b4033","Maltose",-5.09536883941854
"b3571","Maltose",-4.91931010803421
