"gene","iM","Val"
"b1818","DhaR",-5
"b1818","Crp-2",-3.09801061749901
"b1819","DhaR",-5
"b1819","Crp-2",-3.03952699655428
"b1817","DhaR",-3
"b1817","Crp-2",-3.24051197690024
"b1101","DhaR",-8
"b1101","Crp-2",-3.64615136413904
