Parameter,Value
act_TF_conc_lo,2.902870141566294e-15
act_TF_conc_up,0.014190659526601637
act_Kd_lo,3.36678172858904e-07
act_Kd_up,26.75659592547514
inh_TF_conc_lo,2.902870141566294e-15
inh_TF_conc_up,0.014190659526601637
inh_Kd_lo,3.36678172858904e-07
inh_Kd_up,26.75659592547514
weight_act_obj1,8.192636589173368
weight_inh_obj1,8.192636589173368
weight_mRNA_match,1.059231222610052e-07
inh_metab_Total_lo,3.8e-14
inh_metab_Total_up,408000.0
act_metab_Total_lo,3.8e-14
act_metab_Total_up,408000.0
