"gene","iM","Val"
"b1608","Magnesium",0.835917000535755
"b1609","Magnesium",0.713235194289655
"b0841","Magnesium",0.702532270605356
