"gene","iM","Val"
"b1818","Crp-2",-2.62931702089987
"b1818","DhaR",-8
"b1101","Crp-2",-3.79531123661512
"b1101","DhaR",-8
"b1817","Crp-2",-2.73363482024413
"b1817","DhaR",-5
"b1819","Crp-2",-2.62251732784747
"b1819","DhaR",-5
