"gene","iM","Val"
"b1818","Crp-2",-8
"b1818","DhaR",-5.93845641187965
"b1101","Crp-2",-10
"b1101","DhaR",-6.38752152833552
"b1817","Crp-2",-8
"b1817","DhaR",-5.76481369359135
"b1819","Crp-2",-9
"b1819","DhaR",-6.10792322548694
