Parameter,Value
act_TF_conc_lo,2.764638230063137e-16
act_TF_conc_up,0.0122985715897213
act_Kd_lo,1.980055605427612e-09
act_Kd_up,264.0258849506564
inh_TF_conc_lo,2.764638230063137e-16
inh_TF_conc_up,0.0122985715897213
inh_Kd_lo,1.980055605427612e-09
inh_Kd_up,264.0258849506564
weight_act_obj1,8.192636589173368
weight_inh_obj1,8.192636589173368
weight_mRNA_match,1.3735172796016758e-06
inh_metab_Total_lo,3.8e-07
inh_metab_Total_up,0.0408
act_metab_Total_lo,3.8e-07
act_metab_Total_up,0.0408
