"gene","iM","Val"
"b1818","Crp-2",-2.66333299004328
"b1818","DhaR",-8
"b1101","Crp-2",-3.81654850028525
"b1101","DhaR",-8
"b1817","Crp-2",-2.77443659180454
"b1817","DhaR",-5
"b1819","Crp-2",-2.66011445707576
"b1819","DhaR",-5
