"gene","iM","Val"
"b1818","Crp-2",-8
"b1818","DhaR",-7.08729758646299
"b1101","Crp-2",-10
"b1101","DhaR",-7.53903650606636
"b1817","Crp-2",-8
"b1817","DhaR",-6.91560941046598
"b1819","Crp-2",-9
"b1819","DhaR",-7.25986675509128
