"gene","iM","Val"
"b0523","Purine",-6.21018979577805
"b2313","Purine",-7.24524951797972
"b4005","Purine",-7.72426831130583
"b1849","Purine",-7.53782617434924
"b0522","Purine",-7.52522520185891
"b2312","Purine",-7.4828533957315
"b4006","Purine",-7.72303179013826
"b2499","Purine",-6.32350495139827
"b2500","Purine",-7.11270272064834
"b2557","Purine",-7.67584651392314
