"gene","iM","Val"
"b1187","Fatty Acid",-3.43856164048644
"b2342","Fatty Acid",-2.58702822439619
"b2341","Fatty Acid",-2.43263111413548
