"gene","iM","Val"
"b2156","Lysine/T2SS",-2.12210358839754
"b4024","Lysine/T2SS",1.6140682509194
"b0166","Lysine/T2SS",-2.53259939307044
