Parameter,Value
act_TF_conc_lo,3.5270057768124875e-18
act_TF_conc_up,0.0034633421281464
act_Kd_lo,3.0938326702393595e-08
act_Kd_up,46.368882114520254
inh_TF_conc_lo,3.5270057768124875e-18
inh_TF_conc_up,0.0034633421281464
inh_Kd_lo,3.0938326702393595e-08
inh_Kd_up,46.368882114520254
weight_act_obj1,8.192636589173368
weight_inh_obj1,8.192636589173368
weight_mRNA_match,8.533715120156074e-07
inh_metab_Total_lo,3.8e-07
inh_metab_Total_up,0.0408
act_metab_Total_lo,3.8e-07
act_metab_Total_up,0.0408
