"gene","iM","Val"
"b1817","DhaR",-5
"b1817","Crp-2",-2.95563640900764
"b1819","DhaR",-5
"b1819","Crp-2",-2.65328810593554
"b1101","DhaR",-3
"b1101","Crp-2",-0.897603279879789
"b1820","DhaR",-8
"b1820","Crp-2",-2.372697457489
"b1818","DhaR",-8
"b1818","Crp-2",-2.74768697546802
