"gene","iM","Val"
"b0644","Nitrogen",-2.28382437404882
"b3043","Nitrogen",-3.52940399771328
