"gene","iM","Val"
"b1101","Crp-2",-8
"b1101","DhaR",-6.18971895834222
"b1817","Crp-2",-10
"b1817","DhaR",-5.42955329080462
"b1818","Crp-2",-8
"b1818","DhaR",-5.33960123863994
"b1819","Crp-2",-9
"b1819","DhaR",-5.33933558808831
