"gene","iM","Val"
"b2156","Lysine/T2SS",-2.11828092774553
"b0166","Lysine/T2SS",-2.53420299651766
"b4024","Lysine/T2SS",1.6140682509194
