Parameter,Value
act_TF_conc_lo,7.208534160819194e-14
act_TF_conc_up,0.0002602431808039
act_Kd_lo,2.2389337325829492e-08
act_Kd_up,5.757000757480064
inh_TF_conc_lo,7.208534160819194e-14
inh_TF_conc_up,0.0002602431808039
inh_Kd_lo,2.2389337325829492e-08
inh_Kd_up,5.757000757480064
weight_act_obj1,8.192636589173368
weight_inh_obj1,8.192636589173368
weight_mRNA_match,4.57098733897409e-09
inh_metab_Total_lo,3.8e-14
inh_metab_Total_up,408000.0
act_metab_Total_lo,3.8e-14
act_metab_Total_up,408000.0
