"gene","iM","Val"
"b3124","Sugar Diacid",-5.38104663470591
"b2788","Sugar Diacid",-5.55521094470565
