"gene","iM","Val"
"b3359","Arginine",-5.88135671623191
"b3959","Arginine",-6.09820935118042
"b0273","Arginine",-6.78722415410407
"b3958","Arginine",-6.4356778774823
"b3960","Arginine",-6.26351995937048
"b3172","Arginine",-6.40731723344049
"b4254","Arginine",-6.56315373830211
"b2818","Arginine",-6.60305530305632
"b3957","Arginine",-5.60873840170651
