"gene","iM","Val"
"b3213","Nitrogen",-8.1639068379918
"b3212","Nitrogen",-8.04048549376555
