"gene","iM","Val"
"b3212","Nitrogen",-5.65097832464909
"b3213","Nitrogen",-5.53930456520951
