Parameter,Value
act_TF_conc_lo,2.764638230063137e-16
act_TF_conc_up,0.0122985715897213
act_Kd_lo,4.007632545385487e-09
act_Kd_up,57.21384719997235
inh_TF_conc_lo,2.764638230063137e-16
inh_TF_conc_up,0.0122985715897213
inh_Kd_lo,4.007632545385487e-09
inh_Kd_up,57.21384719997235
weight_act_obj1,8.192636589173368
weight_inh_obj1,8.192636589173368
weight_mRNA_match,2.9763827049131377e-07
inh_metab_Total_lo,3.8e-07
inh_metab_Total_up,0.0408
act_metab_Total_lo,3.8e-07
act_metab_Total_up,0.0408
