"gene","iM","Val"
"b2342","Fatty Acid",-4.22016811318172
"b1187","Fatty Acid",-3.3270287321139
"b2341","Fatty Acid",-3.90338044258458
