"gene","iM","Val"
"b2342","Fatty Acid",-4.21429035284446
"b1187","Fatty Acid",-3.34696274040817
"b2341","Fatty Acid",-3.90686410780683
