"gene","iM","Val"
"b1620","Crp-1",-5.5683395755852
"b4357","Crp-1",-6.19246337763124
"b1002","Crp-1",-5.13632795898906
"b4118","Crp-1",-6.08468611858687
