"gene","iM","Val"
"b2342","Fatty Acid",-4.2106565839788
"b1187","Fatty Acid",-3.3580515795393
"b2341","Fatty Acid",-3.90807908535633
