"gene","iM","Val"
"b1798","Lrp",-2.55608054045238
"b2209","Lrp",-2.15595996565249
"b2845","Lrp",-2.00404201471326
"b3673","Lrp",-1.28278201235997
