"gene","iM","Val"
"b2342","Fatty Acid",-4.22886874471192
"b1187","Fatty Acid",-3.29819048661733
"b2341","Fatty Acid",-3.89410996165098
