"gene","iM","Val"
"b1187","Fatty Acid",-3.43911877996291
"b2342","Fatty Acid",-2.5870676324075
"b2341","Fatty Acid",-2.43266355413958
