"gene","iM","Val"
"b2342","Fatty Acid",-4.24613867555442
"b1187","Fatty Acid",-3.25087370365993
"b2341","Fatty Acid",-3.86400956185151
