"gene","iM","Val"
"b2156","Lysine/T2SS",-2.29959286161424
"b0166","Lysine/T2SS",-2.70967001942753
"b4024","Lysine/T2SS",1.42743086003674
