"gene","iM","Val"
"b3359","Arginine",-5.87224449971427
"b3959","Arginine",-6.08843515836201
"b0273","Arginine",-6.75967322601403
"b3958","Arginine",-6.42515383588427
"b3960","Arginine",-6.25311678901809
"b3172","Arginine",-6.39756236241156
"b4254","Arginine",-6.55219022956585
"b2818","Arginine",-6.59216555969861
"b3957","Arginine",-5.59890260136796
