"gene","iM","Val"
"b1608","Magnesium",-5.54164403152916
"b1609","Magnesium",-5.66425859851721
"b0841","Magnesium",-5.67506513320658
