"gene","iM","Val"
"b3212","Nitrogen",-7.57973688578132
"b3213","Nitrogen",-8.94469224730025
