"gene","iM","Val"
"b0591","Fur-2",-7.32137242276785
"b0591","Fur-1",-8
"b4511","Fur-2",-7.60978836282574
"b4511","Fur-1",-8
"b0585","Fur-2",-7.52008790335971
"b0585","Fur-1",-5
"b0589","Fur-2",-7.63242482800182
"b0589","Fur-1",-5
"b0592","Fur-2",-7.32240304841585
"b0592","Fur-1",-3
"b0590","Fur-2",-7.1540748379954
"b0590","Fur-1",-4
"b0588","Fur-2",-7.63310002376802
"b0588","Fur-1",-4
