Parameter,Value
act_TF_conc_lo,2.902870141566294e-15
act_TF_conc_up,0.0141906595266016
act_Kd_lo,1.18936973374392e-08
act_Kd_up,6.853572330333411
inh_TF_conc_lo,2.902870141566294e-15
inh_TF_conc_up,0.0141906595266016
inh_Kd_lo,1.18936973374392e-08
inh_Kd_up,6.853572330333411
weight_act_obj1,8.192636589173368
weight_inh_obj1,8.192636589173368
weight_mRNA_match,1.059439661666093e-06
inh_metab_Total_lo,3.8e-14
inh_metab_Total_up,408000.0
act_metab_Total_lo,3.8e-14
act_metab_Total_up,408000.0
