"gene","iM","Val"
"b1818","Crp-2",-2.63154362808961
"b1818","DhaR",-8
"b1101","Crp-2",-3.79448389547907
"b1101","DhaR",-8
"b1817","Crp-2",-2.73513576521373
"b1817","DhaR",-5
"b1819","Crp-2",-2.62620512989213
"b1819","DhaR",-5
