"gene","iM","Val"
"b1818","Crp-2",-8
"b1818","DhaR",-6.7426624706119
"b1101","Crp-2",-10
"b1101","DhaR",-7.19211844620758
"b1817","Crp-2",-8
"b1817","DhaR",-6.56903826544228
"b1819","Crp-2",-9
"b1819","DhaR",-6.91238548695591
