"gene","iM","Val"
"b2342","Fatty Acid",-4.22562977824235
"b1187","Fatty Acid",-3.30878250440949
"b2341","Fatty Acid",-3.89810627463464
