"gene","iM","Val"
"b1818","Crp-2",-8
"b1818","DhaR",-7.08713728567875
"b1101","Crp-2",-10
"b1101","DhaR",-7.53903650700888
"b1817","Crp-2",-8
"b1817","DhaR",-6.91532141695963
"b1819","Crp-2",-9
"b1819","DhaR",-7.25924990450374
