Parameter,Value
act_TF_conc_lo,3.657616378373531e-13
act_TF_conc_up,0.0001126242819571
act_Kd_lo,6.1030208278753085e-09
act_Kd_up,41.12143398200047
inh_TF_conc_lo,3.657616378373531e-13
inh_TF_conc_up,0.0001126242819571
inh_Kd_lo,6.1030208278753085e-09
inh_Kd_up,41.12143398200047
weight_act_obj1,8.192636589173368
weight_inh_obj1,8.192636589173368
weight_mRNA_match,2.975954105803631e-07
inh_metab_Total_lo,3.8e-14
inh_metab_Total_up,408000.0
act_metab_Total_lo,3.8e-14
act_metab_Total_up,408000.0
