"gene","iM","Val"
"b1818","Crp-2",-2.66808529891074
"b1818","DhaR",-8
"b1101","Crp-2",-3.81514235508301
"b1101","DhaR",-8
"b1817","Crp-2",-2.77961109330435
"b1817","DhaR",-5
"b1819","Crp-2",-2.66412046196208
"b1819","DhaR",-5
