Parameter,Value
act_TF_conc_lo,5.30876891489644e-14
act_TF_conc_up,0.0023651099211002
act_Kd_lo,7.27367365259123e-08
act_Kd_up,6.853572330333411
inh_TF_conc_lo,5.30876891489644e-14
inh_TF_conc_up,0.0023651099211002
inh_Kd_lo,7.27367365259123e-08
inh_Kd_up,6.853572330333411
weight_act_obj1,8.192636589173368
weight_inh_obj1,8.192636589173368
weight_mRNA_match,1.249900724437525e-06
inh_metab_Total_lo,3.8e-14
inh_metab_Total_up,408000.0
act_metab_Total_lo,3.8e-14
act_metab_Total_up,408000.0
