Parameter,Value
act_TF_conc_lo,1.640861223519195e-15
act_TF_conc_up,0.001108506712176
act_Kd_lo,5.6573017297931775e-11
act_Kd_up,0.0049333824388847
inh_TF_conc_lo,1.640861223519195e-15
inh_TF_conc_up,0.001108506712176
inh_Kd_lo,5.6573017297931775e-11
inh_Kd_up,0.0049333824388847
weight_act_obj1,8.192636589173368
weight_inh_obj1,8.192636589173368
weight_mRNA_match,1.622741904390222e-05
inh_metab_Total_lo,3.8e-14
inh_metab_Total_up,408000.0
act_metab_Total_lo,3.8e-14
act_metab_Total_up,408000.0
