Parameter,Value
act_TF_conc_lo,8.293914690189412e-16
act_TF_conc_up,0.014190659526601637
act_Kd_lo,4.849115768394152e-10
act_Kd_up,16063.334840397936
inh_TF_conc_lo,8.293914690189412e-16
inh_TF_conc_up,0.014190659526601637
inh_Kd_lo,4.849115768394152e-10
inh_Kd_up,16063.334840397936
weight_act_obj1,8.192636589173368
weight_inh_obj1,8.192636589173368
weight_mRNA_match,1.0713434780893072e-05
inh_metab_Total_lo,3.8e-07
inh_metab_Total_up,0.0408
act_metab_Total_lo,3.8e-07
act_metab_Total_up,0.0408
