"gene","iM","Val"
"b3006","Fur-2",-6.61750185035893
"b1252","Fur-2",-6.34477811332029
"b0150","Fur-2",-6.72870104132907
"b3005","Fur-2",-6.47568803843502
"b0151","Fur-2",-6.55504453595876
"b0152","Fur-2",-6.70807450645674
