"gene","iM","Val"
"b4357","Crp-1",-5.79174404429947
"b1002","Crp-1",1.44144904773699
"b1620","Crp-1",-5.56432140700125
"b4118","Crp-1",-5.7128268693699
