"gene","iM","Val"
"b2788","Sugar Diacid",-4.31036751907387
"b3124","Sugar Diacid",-4.15905920332322
