TF,kd_act_metab,kd_inh_metab
b3237,0.00000001,0.00000001