TF,kd_act_metab,kd_inh_metab
b3237,0.000020423,0.000020423