TF,kd_act_metab,kd_inh_metab
b3237,0,0.000020423
b1187,0.000100362,0
b1658,0,0.000020423