"gene","iM","Val"
"b2342","Fatty Acid",-4.21165383770439
"b1187","Fatty Acid",-3.35506169784432
"b2341","Fatty Acid",-3.90781368108286
