"gene","iM","Val"
"b1500","EvgA",-4.28629209422614
"b2372","EvgA",-4.4555736953582
"b2371","EvgA",-2.66856474465056
"b2083","EvgA",-4.53337044028648
"b2374","EvgA",-4.23018451545544
"b1501","EvgA",-4.60748339917519
"b2373","EvgA",-4.28299455755685
"b1499","EvgA",-4.11626304608325
"b2375","EvgA",-4.31425578438531
