"gene","iM","Val"
"b4118","Crp-1",-4.60634153139483
"b1002","Crp-1",-3.6892142538937
"b1620","Crp-1",-4.35801783245425
"b4357","Crp-1",-4.73893474474946
