"gene","iM","Val"
"b1818","Crp-2",-8
"b1818","DhaR",-5.21979812496769
"b1101","Crp-2",-10
"b1101","DhaR",-5.67157499166212
"b1817","Crp-2",-8
"b1817","DhaR",-5.0509152263554
"b1819","Crp-2",-9
"b1819","DhaR",-5.38787731612772
