"gene","iM","Val"
"b3008","Methionine",-5.75612504896751
"b0198","Methionine",-5.64071178725878
"b0199","Methionine",-5.91336644726656
