"gene","iM","Val"
"b0591","Fur-1",-5
"b0591","Fur-2",-4.33078859536943
"b0588","Fur-1",-5
"b0588","Fur-2",-5.96990639508093
"b0589","Fur-1",-3
"b0589","Fur-2",-5.56505942204806
"b4511","Fur-1",-8
"b4511","Fur-2",-5.80202697992446
"b0592","Fur-1",-8
"b0592","Fur-2",-4.62234558994995
"b0590","Fur-1",-10
"b0590","Fur-2",-5.52130931085526
"b0585","Fur-1",-8
"b0585","Fur-2",-6.09655922384704
