"gene","iM","Val"
"b2342","Fatty Acid",-4.3988734697728
"b1187","Fatty Acid",-3.36221830192622
"b2341","Fatty Acid",-3.97371681005058
