"gene","iM","Val"
"b2342","Fatty Acid",-4.87954799167014
"b1187","Fatty Acid",-3.73168378135176
"b2341","Fatty Acid",-4.34328504754329
