"gene","Val"
"b1101",-5.05308040155163
"b1817",-4.43565662935653
"b1818",-4.23140770674072
"b1819",-4
