"gene","Val"
"b1101",-5.58293781539672
"b1817",-5.0000000000167
"b1818",-5.05129365115671
