"gene","Val"
"b1101",-5.90064831245946
"b1817",-5.89723759732045
"b1818",-5.81042814813705
"b1819",-5.82719918447103
