"gene","Val"
"b1101",-4.19627002971373
"b1817",-4.21792390692553
"b1818",-4.13183941486214
"b1819",-4.09445438479846
