"gene","Val"
"b1101",-4.16936767433664
"b1817",-4.09520290364467
"b1818",-4.02034241639359
"b1819",-4.01270482190211
