"gene","Val"
"b1101",-5
"b1817",-5.14250969830704
"b1818",-5.15247983329846
