"gene","Val"
"b1101",-5.12081692961611
"b1817",-5.12081692961655
