"gene","iM","Val"
"b0591","Fur-1",2.81792321345521
"b0591","Fur-2",-3
"b0588","Fur-1",2.917058580286
"b0588","Fur-2",-4
"b0589","Fur-1",2.96269609071378
"b0589","Fur-2",-5
"b4511","Fur-1",3.53876432975205
"b4511","Fur-2",-5
"b0592","Fur-1",2.85030547838268
"b0592","Fur-2",-4
"b0590","Fur-1",2.79474511777167
"b0590","Fur-2",-8
"b0585","Fur-1",2.13471489703687
"b0585","Fur-2",-10
