"gene","iM","Val"
"b1798","Lrp",-4.48718660976785
"b2209","Lrp",-4.1633028313906
"b2845","Lrp",-4.24796576228493
"b3673","Lrp",-3.18455885357059
