"gene","iM","Val"
"b1818","Crp-2",-2.66080309333881
"b1818","DhaR",-8
"b1101","Crp-2",-3.80931485237351
"b1101","DhaR",-8
"b1817","Crp-2",-2.77080587167856
"b1817","DhaR",-5
"b1819","Crp-2",-2.65609104919914
"b1819","DhaR",-5
