"gene","iM","Val"
"b1818","Crp-2",-8
"b1818","DhaR",-6.78448982514879
"b1101","Crp-2",-10
"b1101","DhaR",-7.23648363787033
"b1817","Crp-2",-8
"b1817","DhaR",-6.61262392471506
"b1819","Crp-2",-9
"b1819","DhaR",-6.95670521506194
