"gene","iM","Val"
"b0644","Nitrogen",-3.34530648328556
"b3043","Nitrogen",-4.65866672963007
