"gene","iM","Val"
"b3008","Methionine",-5.60047471185763
"b0199","Methionine",-5.63882132606224
"b0198","Methionine",-5.48556573703341
