Parameter,Value
act_TF_conc_lo,8.757053161482582e-26
act_TF_conc_up,4.280879054542209e-13
act_Kd_lo,3.409967899823718e-09
act_Kd_up,41.55298317133083
inh_TF_conc_lo,8.757053161482582e-26
inh_TF_conc_up,4.280879054542209e-13
inh_Kd_lo,3.409967899823718e-09
inh_Kd_up,41.55298317133083
weight_act_obj1,8.192636589173368
weight_inh_obj1,8.192636589173368
weight_mRNA_match,4.007350714369182e-09
inh_metab_Total_lo,3.8e-07
inh_metab_Total_up,0.0408
act_metab_Total_lo,3.8e-07
act_metab_Total_up,0.0408
