"gene","iM","Val"
"b1101","DhaR",-5
"b1101","Crp-2",-3.74200628660157
"b1817","DhaR",-5
"b1817","Crp-2",-3.13941545207897
"b1818","DhaR",-3
"b1818","Crp-2",-3.22633121415616
"b1819","DhaR",-8
"b1819","Crp-2",-3.15792183814207
