"gene","iM","Val"
"b2342","Fatty Acid",-4.2227339706614
"b1187","Fatty Acid",-3.31844150506443
"b2341","Fatty Acid",-3.9011379432417
