"gene","iM","Val"
"b2342","Fatty Acid",-4.24104277970994
"b1187","Fatty Acid",-3.26338304975945
"b2341","Fatty Acid",-3.87437972898038
