"gene","iM","Val"
"b2342","Fatty Acid",-4.23649377327152
"b1187","Fatty Acid",-3.27529027381437
"b2341","Fatty Acid",-3.88251707059077
