"gene","iM","Val"
"b2342","Fatty Acid",-4.28008930864954
"b1187","Fatty Acid",-3.26571006139691
"b2341","Fatty Acid",-3.87903180482924
