"gene","iM","Val"
"b1187","Fatty Acid",-3.43892669726015
"b2342","Fatty Acid",-2.58705401224906
"b2341","Fatty Acid",-2.43265233719095
