"gene","iM","Val"
"b2342","Fatty Acid",-4.23247750367626
"b1187","Fatty Acid",-3.28691429579187
"b2341","Fatty Acid",-3.88897172712722
