"gene","iM","Val"
"b2342","Fatty Acid",-4.53500992290765
"b1187","Fatty Acid",-3.47360441057699
"b2341","Fatty Acid",-4.08473404909552
