"gene","iM","Val"
"b3359","Arginine",-5.87224449966014
"b3959","Arginine",-6.08843515841229
"b0273","Arginine",-6.75967322591012
"b3958","Arginine",-6.42515383598089
"b3960","Arginine",-6.25311678911516
"b3172","Arginine",-6.3975623624933
"b4254","Arginine",-6.55219022968073
"b2818","Arginine",-6.59216555983383
"b3957","Arginine",-5.59890260131934
