"gene","iM","Val"
"b2342","Fatty Acid",-2.58339222939053
"b1187","Fatty Acid",-1.96563565394344
"b2341","Fatty Acid",-2.42889319545358
