"gene","iM","Val"
"b1817","Crp-2",-8
"b1817","DhaR",-4.39475024983872
"b1819","Crp-2",-10
"b1819","DhaR",-4.05854599198477
"b1101","Crp-2",-8
"b1101","DhaR",-4.78260200101897
"b1818","Crp-2",-9
"b1818","DhaR",-4.01984158998138
