"gene","iM","Val"
"b3212","Nitrogen",2.64953321155984
"b1981","Nitrogen",-8.14702011261195
"b0338","Nitrogen",2.64953321155984
"b3213","Nitrogen",2.64953321155984
