"gene","iM","Val"
"b1818","Crp-2",-2.56779471557513
"b1818","DhaR",-8
"b1101","Crp-2",-3.75423478638987
"b1101","DhaR",-8
"b1817","Crp-2",-2.65472419607424
"b1817","DhaR",-5
"b1819","Crp-2",-2.56198117478736
"b1819","DhaR",-5
