"gene","iM","Val"
"b3458","Lrp",-6.60049225479714
"b0078","Lrp",-6.47958322690617
"b2290","Lrp",-6.88329849980147
"b3457","Lrp",-6.83639215800606
"b1603","Lrp",0.688396994172612
"b0077","Lrp",-6.55198872110754
