"gene","iM","Val"
"b2342","Fatty Acid",-4.6971661431912
"b1187","Fatty Acid",-3.59835084306851
"b2341","Fatty Acid",-4.2061287708054
