"gene","iM","Val"
"b0591","Fur-1",-5
"b0591","Fur-2",-4.15637353913522
"b0590","Fur-1",-5
"b0590","Fur-2",-4.00277331059012
"b0585","Fur-1",-3
"b0585","Fur-2",-4.37249567770007
"b0592","Fur-1",-8
"b0592","Fur-2",-4.18647056194164
"b4511","Fur-1",-8
"b4511","Fur-2",-4.35583627009083
"b0588","Fur-1",-10
"b0588","Fur-2",-4.47713451993108
"b0589","Fur-1",-8
"b0589","Fur-2",-4.47850984439171
