"gene","iM","Val"
"b1819","Crp-2",0.835917000535755
"b1819","DhaR",-8
"b1817","Crp-2",0.743554325092283
"b1817","DhaR",-8
"b1818","Crp-2",0.743194066501471
"b1818","DhaR",-5
"b1101","Crp-2",-0.0289467867594211
"b1101","DhaR",-5
