"gene","iM","Val"
"b1819","Crp-2",-8
"b1819","DhaR",-4.97572365753353
"b1817","Crp-2",-10
"b1817","DhaR",-5.05570971277768
"b1818","Crp-2",-8
"b1818","DhaR",-4.97515928010881
"b1101","Crp-2",-9
"b1101","DhaR",-5.82331362254229
