"gene","iM","Val"
"b1102","Fur-1",-4.68128658704076
"b0586","Fur-1",-2.54210787241359
"b0583","Fur-1",-5.12534227554966
"b2155","Fur-1",-3.255436833527
"b0584","Fur-1",-3.11296379280104
