"gene","iM","Val"
"b4024","Lysine/T2SS",1.6140682509194
"b0166","Lysine/T2SS",-2.53250797878215
"b2156","Lysine/T2SS",-2.12208222183143
