"gene","iM","Val"
"b4118","Crp-1",-0.0887611248556711
"b1620","Crp-1",0.175755210437153
"b4357","Crp-1",-0.220374252489839
"b1002","Crp-1",0.828980289304357
