"gene","iM","Val"
"b0841","Magnesium",-6.21964395738268
"b1609","Magnesium",-6.20528887445025
"b1608","Magnesium",-6.08381519280225
"b1130","Magnesium",-6.66051492186781
