"gene","iM","Val"
"b0777","Biotin",-4.11722811648652
"b0775","Biotin",-4.37577341225274
"b0778","Biotin",-4.28623487642004
"b0774","Biotin",-4.70243353825958
