Parameter,Value
act_TF_conc_lo,2.902870141566294e-15
act_TF_conc_up,0.0141906595266016
act_Kd_lo,9.379334543771053e-09
act_Kd_up,0.9855336853711754
inh_TF_conc_lo,2.902870141566294e-15
inh_TF_conc_up,0.0141906595266016
inh_Kd_lo,9.379334543771053e-09
inh_Kd_up,0.9855336853711754
weight_act_obj1,8.192636589173368
weight_inh_obj1,8.192636589173368
weight_mRNA_match,4.2549177352999056e-05
inh_metab_Total_lo,3.8e-07
inh_metab_Total_up,0.0408
act_metab_Total_lo,3.8e-07
act_metab_Total_up,0.0408
