"gene","iM","Val"
"b3043","Nitrogen",-3.52938774446762
"b0644","Nitrogen",-2.28380812081703
